Col1,Col2,Col3,Col4,Col5,Col6,Class
28,1,75,Male,Visa,2966,Platinum
15,7,36,Male,Mastercard,4373,Silver
18,3,54,Male,Visa,5866,Platinum
18,7,22,Male,Visa,1100,Gold
52,7,82,Female,Visa,5149,Silver
77,5,10,Female,Mastercard,6037,Silver
85,7,81,Male,Visa,6517,Gold
95,10,69,Male,Visa,2527,Silver
16,3,37,Female,Visa,4420,Platinum
49,3,23,Female,Visa,5946,Silver
27,2,42,Male,Mastercard,2401,Gold
57,8,60,Male,Visa,4276,Gold
46,7,63,Female,Mastercard,5240,Platinum
98,8,89,Male,Visa,2912,Platinum
8,1,85,Female,Visa,3604,Silver
62,10,8,Female,Mastercard,5729,Gold
18,3,57,Male,Visa,8863,Gold
11,3,97,Male,Mastercard,3045,Silver
17,2,76,Female,Mastercard,2909,Silver
6,7,93,Female,Mastercard,1719,Silver
94,7,82,Female,Visa,9850,Silver
11,6,66,Female,Visa,9374,Platinum
6,7,74,Female,Visa,9038,Platinum
71,10,78,Male,Mastercard,2379,Platinum
39,4,99,Female,Mastercard,2355,Silver
43,1,82,Male,Mastercard,4787,Gold
87,5,76,Male,Mastercard,8074,Silver
93,10,84,Male,Mastercard,6766,Silver
75,9,11,Male,Mastercard,5705,Platinum
31,6,85,Female,Visa,9675,Platinum
59,7,17,Female,Visa,7596,Gold
61,6,53,Female,Visa,7535,Platinum
77,1,91,Female,Mastercard,8722,Platinum
83,7,7,Male,Visa,3637,Gold
95,6,21,Male,Mastercard,9889,Platinum
99,10,73,Female,Mastercard,6695,Gold
37,5,95,Female,Mastercard,9847,Platinum
81,9,12,Male,Visa,5056,Gold
36,7,29,Female,Mastercard,4558,Platinum
44,2,92,Female,Mastercard,1127,Platinum
80,1,59,Male,Visa,6595,Silver
83,3,79,Female,Visa,5014,Silver
52,6,75,Male,Visa,2025,Silver
52,5,81,Female,Visa,8330,Gold
19,6,33,Male,Visa,6819,Platinum
28,4,49,Male,Visa,2735,Silver
61,4,57,Female,Visa,8183,Platinum
6,9,96,Female,Visa,3326,Platinum
41,3,85,Male,Visa,6890,Gold
100,2,61,Male,Visa,7350,Gold
51,1,34,Male,Visa,8218,Gold
97,1,26,Female,Visa,4359,Gold
17,9,44,Male,Mastercard,9385,Gold
55,9,86,Female,Mastercard,1602,Gold
47,1,35,Male,Visa,4865,Platinum
71,9,77,Male,Visa,5379,Gold
51,9,62,Female,Mastercard,7648,Gold
64,1,77,Male,Mastercard,2127,Gold
98,10,77,Male,Mastercard,8306,Platinum
28,5,81,Female,Visa,7319,Platinum
31,6,17,Female,Visa,3905,Platinum
45,3,20,Male,Visa,1226,Platinum
68,2,85,Male,Mastercard,6349,Silver
58,10,27,Male,Visa,1682,Silver
23,8,66,Male,Mastercard,9891,Silver
7,2,64,Female,Mastercard,4362,Platinum
59,1,27,Male,Mastercard,9853,Platinum
90,5,41,Female,Visa,9313,Gold
17,6,77,Male,Visa,5419,Platinum
51,10,44,Female,Mastercard,5721,Platinum
41,5,9,Female,Mastercard,4119,Gold
77,4,78,Female,Visa,4857,Platinum
77,4,71,Female,Visa,6530,Platinum
48,1,82,Male,Visa,3608,Silver
96,4,32,Female,Mastercard,3479,Platinum
75,6,66,Male,Mastercard,8490,Silver
89,6,84,Female,Visa,9815,Gold
87,4,98,Female,Visa,4840,Gold
91,10,75,Female,Visa,9602,Gold
19,5,70,Female,Mastercard,6286,Silver
28,10,31,Female,Mastercard,6780,Gold
78,6,63,Male,Mastercard,4991,Platinum
67,2,50,Male,Visa,6905,Silver
43,5,11,Male,Mastercard,9684,Gold
62,10,70,Female,Visa,4966,Gold
22,4,65,Female,Mastercard,3517,Platinum
79,1,60,Female,Visa,9023,Gold
69,9,3,Female,Visa,7901,Gold
74,8,40,Female,Visa,1689,Gold
81,5,11,Male,Visa,7402,Silver
61,10,39,Female,Mastercard,8871,Silver
8,2,63,Female,Mastercard,3638,Silver
89,5,7,Female,Mastercard,9040,Gold
81,7,87,Male,Visa,9825,Silver
50,6,30,Male,Visa,7021,Gold
14,10,87,Female,Visa,4310,Gold
33,4,51,Male,Visa,4657,Platinum
65,9,12,Male,Mastercard,9723,Gold
66,6,94,Male,Mastercard,5117,Silver
97,5,48,Female,Visa,4691,Platinum
21,10,57,Male,Mastercard,2933,Silver
63,4,15,Male,Visa,2069,Platinum
41,9,94,Female,Mastercard,3826,Silver
67,7,85,Male,Visa,1698,Silver
31,8,25,Female,Mastercard,4695,Platinum
76,1,31,Female,Visa,1557,Silver
74,7,28,Female,Visa,1522,Silver
85,2,47,Female,Visa,5286,Platinum
72,7,99,Female,Visa,9629,Silver
18,10,48,Female,Mastercard,7048,Silver
79,5,94,Male,Mastercard,7665,Platinum
70,3,93,Male,Mastercard,7503,Gold
26,7,41,Male,Mastercard,2995,Gold
37,3,26,Female,Mastercard,9740,Platinum
32,7,70,Female,Mastercard,5762,Silver
79,8,2,Female,Mastercard,9218,Gold
65,8,99,Male,Mastercard,6754,Silver
70,1,25,Female,Visa,5685,Silver
32,10,96,Female,Visa,5061,Gold
52,6,37,Female,Mastercard,6996,Platinum
63,8,88,Female,Visa,8084,Silver
72,7,69,Female,Mastercard,7579,Gold
12,6,60,Male,Visa,8998,Platinum
57,6,16,Female,Visa,6209,Silver
61,6,43,Male,Visa,1383,Platinum
70,7,27,Female,Visa,6989,Gold
48,5,33,Female,Mastercard,5723,Silver
45,9,39,Male,Visa,8535,Gold
58,2,14,Female,Mastercard,9361,Silver
35,5,57,Female,Mastercard,1871,Platinum
82,1,25,Female,Mastercard,4513,Gold
71,5,41,Female,Visa,1361,Silver
28,7,30,Male,Mastercard,4632,Gold
35,1,89,Female,Visa,5016,Silver
88,7,63,Female,Visa,9528,Gold
5,6,45,Female,Mastercard,8491,Gold
56,4,67,Female,Visa,1227,Gold
72,10,82,Female,Visa,5033,Gold
42,5,69,Male,Visa,9018,Silver
35,9,72,Male,Visa,8660,Platinum
53,4,84,Male,Visa,7527,Gold
42,4,99,Male,Visa,7339,Gold
20,6,88,Female,Mastercard,7764,Gold
86,2,42,Male,Mastercard,8501,Gold
65,6,57,Male,Visa,9983,Gold
34,5,43,Male,Mastercard,8520,Silver
34,4,16,Female,Visa,5394,Gold
13,1,98,Female,Mastercard,7268,Silver
4,8,87,Male,Mastercard,3364,Silver
78,3,54,Female,Mastercard,6879,Gold
89,6,98,Male,Visa,3858,Platinum
65,6,85,Female,Mastercard,7620,Platinum
11,8,81,Female,Mastercard,4792,Gold
51,4,9,Female,Visa,4580,Silver
62,10,83,Male,Mastercard,4096,Silver
31,4,73,Male,Mastercard,6089,Silver
73,4,46,Male,Mastercard,2408,Silver
24,3,15,Female,Visa,3030,Silver
69,1,78,Male,Mastercard,4271,Platinum
19,8,84,Female,Visa,4618,Gold
86,8,81,Male,Visa,5463,Platinum
69,9,95,Female,Mastercard,1284,Silver
26,3,17,Male,Mastercard,9715,Gold
66,9,93,Female,Mastercard,6385,Platinum
22,10,34,Male,Visa,6490,Silver
48,6,37,Female,Visa,6454,Silver
73,10,75,Male,Visa,7508,Gold
64,6,25,Male,Mastercard,5963,Silver
55,1,18,Male,Mastercard,3467,Gold
78,9,74,Male,Visa,7862,Platinum
2,8,37,Female,Mastercard,6812,Silver
49,10,68,Female,Visa,2588,Platinum
64,1,72,Male,Mastercard,6248,Gold
10,10,75,Male,Visa,5159,Gold
36,1,94,Male,Visa,3789,Platinum
65,3,59,Female,Visa,9022,Platinum
37,5,88,Female,Mastercard,1116,Silver
71,10,34,Female,Visa,9749,Platinum
28,10,13,Female,Visa,1959,Gold
75,4,72,Female,Mastercard,5174,Gold
59,6,93,Male,Visa,4954,Platinum
94,9,84,Male,Visa,2945,Platinum
14,8,28,Male,Mastercard,1377,Gold
7,2,47,Male,Visa,6895,Silver
54,4,88,Female,Visa,4994,Platinum
75,8,18,Female,Mastercard,9573,Platinum
41,1,52,Male,Visa,3374,Silver
26,3,41,Male,Visa,9913,Silver
14,7,71,Female,Mastercard,9687,Gold
1,2,47,Female,Mastercard,1301,Gold
66,7,28,Female,Visa,6319,Gold
88,6,68,Female,Mastercard,5103,Platinum
93,8,21,Female,Mastercard,7835,Silver
94,5,95,Male,Mastercard,9411,Platinum
8,5,90,Female,Visa,2101,Platinum
44,3,74,Male,Visa,1351,Platinum
94,9,80,Female,Visa,8791,Platinum
63,1,50,Male,Mastercard,1567,Gold
6,9,54,Female,Visa,6701,Silver
3,3,85,Male,Visa,3886,Gold
3,1,18,Female,Mastercard,7694,Gold
28,2,37,Female,Visa,4430,Gold
13,7,25,Female,Mastercard,2093,Silver
90,2,38,Female,Visa,8702,Silver
63,9,34,Female,Visa,6323,Silver
30,7,60,Female,Visa,8328,Gold
31,1,37,Female,Mastercard,8336,Silver
90,1,36,Female,Visa,3406,Gold
71,7,42,Male,Visa,3501,Silver
7,7,98,Male,Mastercard,1374,Platinum
44,8,47,Male,Visa,3126,Platinum
100,9,18,Male,Visa,4742,Gold
83,4,33,Male,Visa,7018,Gold
56,5,47,Female,Visa,8911,Silver
56,6,50,Male,Mastercard,3732,Platinum
31,5,76,Male,Visa,8243,Platinum
58,5,10,Female,Mastercard,5735,Silver
58,7,63,Female,Visa,1223,Silver
96,6,77,Female,Visa,6799,Silver
51,8,52,Male,Mastercard,8587,Gold
53,1,14,Male,Mastercard,4645,Gold
27,10,82,Female,Mastercard,2905,Platinum
96,8,9,Male,Visa,3613,Platinum
78,8,76,Male,Visa,1574,Gold
98,2,3,Male,Mastercard,6012,Gold
42,9,23,Male,Mastercard,6685,Silver
65,9,73,Female,Mastercard,5052,Silver
22,8,93,Male,Mastercard,2433,Silver
51,7,2,Female,Mastercard,1673,Silver
75,10,70,Female,Visa,8289,Gold
71,4,11,Male,Visa,6274,Silver
43,5,35,Male,Mastercard,6012,Silver
46,7,70,Female,Mastercard,6814,Platinum
29,7,30,Female,Visa,2049,Platinum
43,10,100,Male,Visa,4893,Platinum
61,3,76,Male,Mastercard,6612,Silver
100,10,98,Female,Visa,6087,Silver
55,1,6,Female,Mastercard,8163,Gold
62,3,53,Female,Mastercard,7747,Gold
94,10,47,Male,Visa,2872,Silver
78,10,80,Female,Visa,9752,Gold
61,6,63,Male,Mastercard,2847,Gold
86,1,78,Female,Visa,4071,Silver
38,4,80,Female,Mastercard,5562,Silver
89,9,65,Male,Mastercard,5334,Gold
95,10,95,Female,Visa,5847,Silver
100,9,32,Male,Mastercard,1260,Platinum
68,9,65,Male,Visa,6605,Gold
62,2,13,Male,Visa,7501,Gold
97,7,92,Male,Visa,2962,Silver
18,8,56,Female,Mastercard,7713,Gold
43,5,95,Female,Visa,4814,Platinum
10,1,44,Female,Mastercard,4003,Silver
49,8,32,Male,Visa,3414,Gold
77,5,3,Male,Visa,6465,Gold
91,9,63,Male,Visa,3883,Silver
52,7,7,Female,Mastercard,9733,Platinum
78,9,37,Female,Visa,2945,Silver
79,5,99,Female,Mastercard,1576,Platinum
98,4,58,Female,Visa,8976,Gold
63,6,11,Male,Visa,1316,Gold
54,8,50,Female,Visa,8898,Platinum
5,6,16,Female,Mastercard,5291,Gold
95,2,37,Male,Mastercard,4754,Gold
88,2,50,Male,Mastercard,3623,Platinum
59,7,87,Male,Visa,7304,Silver
10,1,11,Female,Visa,7629,Gold
35,4,22,Female,Visa,1784,Silver
25,5,99,Female,Mastercard,1140,Silver
5,9,34,Male,Mastercard,7619,Gold
17,9,92,Female,Visa,8468,Gold
51,7,54,Female,Visa,4188,Gold
94,9,15,Female,Visa,5145,Gold
67,6,70,Male,Visa,7842,Silver
95,3,65,Female,Visa,1340,Gold
14,4,76,Male,Visa,9048,Gold
31,1,99,Male,Mastercard,2988,Platinum
16,7,73,Male,Visa,1620,Silver
29,10,79,Male,Mastercard,3114,Gold
89,10,12,Female,Visa,2559,Silver
37,1,53,Female,Mastercard,4640,Gold
80,3,23,Male,Mastercard,3395,Platinum
17,2,19,Male,Visa,3763,Platinum
85,2,60,Female,Mastercard,6317,Gold
40,8,48,Male,Mastercard,4949,Platinum
57,2,89,Male,Mastercard,4811,Platinum
34,8,97,Male,Mastercard,2860,Platinum
87,4,78,Female,Mastercard,9354,Gold
67,4,42,Female,Visa,9087,Platinum
94,8,89,Male,Mastercard,9189,Silver
71,4,26,Female,Mastercard,9859,Gold
30,3,12,Female,Visa,3849,Silver
48,4,100,Female,Mastercard,9948,Platinum
65,7,71,Female,Visa,8978,Platinum
51,8,3,Male,Mastercard,9409,Platinum
26,10,59,Female,Visa,8730,Silver
38,8,47,Female,Visa,8241,Gold
43,7,95,Female,Mastercard,6569,Silver
90,1,89,Female,Mastercard,4862,Platinum
92,4,35,Male,Visa,8415,Silver
30,4,63,Female,Visa,7289,Silver
86,3,2,Female,Visa,9875,Gold
57,5,98,Female,Visa,1700,Gold
35,2,6,Female,Visa,3932,Gold
6,7,74,Male,Mastercard,1955,Platinum
72,1,90,Female,Visa,5811,Silver
22,3,41,Male,Visa,3322,Silver
82,4,15,Male,Visa,6533,Platinum
30,5,77,Female,Visa,6989,Platinum
66,2,61,Male,Visa,5158,Silver
60,1,100,Female,Mastercard,5420,Silver
61,8,32,Female,Visa,4419,Gold
27,4,55,Male,Mastercard,1439,Silver
39,10,28,Male,Mastercard,5450,Gold
30,10,20,Female,Visa,4520,Platinum
42,2,61,Female,Mastercard,7634,Gold
78,7,27,Male,Visa,7333,Platinum
43,7,93,Male,Visa,2673,Platinum
64,7,30,Male,Mastercard,5179,Gold
54,7,75,Male,Visa,1142,Platinum
17,5,83,Male,Visa,9720,Silver
3,10,49,Male,Mastercard,9765,Silver
57,1,56,Female,Visa,7303,Gold
9,2,17,Female,Mastercard,9501,Platinum
23,5,63,Female,Visa,3002,Platinum
28,9,3,Female,Visa,7145,Platinum
75,7,59,Female,Mastercard,8481,Gold
42,8,91,Female,Visa,6381,Silver
46,6,10,Female,Mastercard,6767,Silver
24,9,65,Female,Visa,6486,Gold
98,5,17,Female,Visa,7675,Gold
85,5,26,Male,Mastercard,8020,Silver
74,10,67,Female,Visa,9344,Silver
52,10,76,Female,Mastercard,7133,Platinum
43,4,82,Female,Mastercard,8539,Gold
24,8,63,Female,Mastercard,4418,Gold
59,1,31,Male,Visa,9894,Platinum
78,2,82,Female,Mastercard,1254,Silver
85,1,33,Female,Visa,2828,Gold
33,1,26,Female,Mastercard,5879,Gold
11,4,15,Female,Mastercard,5599,Silver
59,8,88,Male,Mastercard,1766,Platinum
42,5,96,Female,Visa,6768,Platinum
94,9,34,Male,Visa,3491,Platinum
30,9,95,Female,Mastercard,2390,Gold
82,1,73,Male,Visa,4826,Platinum
65,1,57,Female,Mastercard,9276,Platinum
3,8,48,Male,Mastercard,3971,Gold
35,8,68,Female,Visa,4669,Silver
84,5,53,Male,Mastercard,3599,Platinum
60,8,97,Female,Visa,5069,Gold
57,4,4,Female,Mastercard,1727,Gold
56,4,49,Female,Visa,4994,Silver
18,10,69,Female,Visa,4713,Silver
74,10,96,Female,Mastercard,2760,Platinum
57,3,29,Male,Mastercard,3815,Platinum
15,2,80,Male,Visa,8672,Silver
88,3,63,Male,Visa,9335,Gold
42,10,1,Male,Visa,1688,Platinum
44,7,42,Female,Mastercard,5306,Silver
37,10,45,Male,Visa,3318,Silver
29,2,65,Female,Mastercard,7772,Silver
45,5,87,Male,Mastercard,5060,Gold
45,7,76,Male,Visa,7771,Silver
71,7,31,Male,Visa,1352,Platinum
49,4,65,Female,Mastercard,2937,Platinum
16,3,12,Female,Mastercard,5546,Gold
53,1,32,Male,Mastercard,3068,Gold
4,8,87,Female,Mastercard,9343,Silver
20,5,75,Female,Mastercard,4112,Gold
33,6,90,Male,Visa,1519,Platinum
63,8,48,Female,Visa,6230,Gold
14,6,2,Male,Visa,6074,Gold
73,4,21,Male,Mastercard,1834,Gold
16,4,28,Female,Mastercard,3927,Silver
13,5,10,Male,Mastercard,8313,Gold
42,2,5,Female,Mastercard,3164,Platinum
84,8,12,Male,Mastercard,7658,Platinum
99,9,54,Female,Mastercard,7345,Platinum
99,3,27,Female,Visa,9598,Platinum
20,4,46,Male,Mastercard,3144,Silver
81,1,26,Female,Visa,7215,Silver
12,4,48,Female,Mastercard,2876,Platinum
89,6,10,Male,Visa,8314,Gold
47,3,5,Female,Visa,1551,Silver
7,10,8,Male,Visa,6157,Gold
99,3,69,Male,Visa,8347,Silver
9,2,44,Female,Visa,5566,Silver
87,1,96,Male,Visa,5390,Gold
76,10,91,Male,Visa,9014,Silver
89,2,87,Male,Mastercard,6924,Silver
69,5,35,Female,Visa,7277,Silver
98,2,82,Female,Visa,8067,Silver
45,9,45,Male,Visa,1029,Platinum
74,6,65,Female,Visa,7563,Silver
95,1,73,Male,Mastercard,6857,Silver
87,8,11,Male,Visa,9319,Gold
72,4,55,Female,Mastercard,5383,Gold
44,10,92,Male,Mastercard,3786,Gold
96,10,13,Female,Mastercard,1373,Platinum
67,2,8,Female,Visa,2699,Gold
66,10,78,Male,Mastercard,2537,Gold
38,9,7,Female,Mastercard,1835,Silver
62,4,35,Male,Visa,7436,Gold
64,1,91,Male,Mastercard,5832,Silver
22,2,53,Female,Visa,5154,Silver
9,5,66,Male,Mastercard,9048,Platinum
6,8,2,Female,Mastercard,2572,Platinum
20,1,64,Male,Visa,2593,Silver
62,6,28,Male,Visa,7747,Platinum
9,5,20,Female,Visa,5398,Platinum
1,10,74,Male,Mastercard,8870,Silver
78,8,56,Male,Mastercard,5904,Gold
91,2,93,Male,Mastercard,8396,Platinum
27,3,43,Male,Visa,7980,Platinum
98,9,38,Female,Mastercard,3589,Silver
66,6,2,Male,Visa,5474,Platinum
99,4,50,Female,Mastercard,7463,Platinum
68,5,40,Male,Visa,9390,Gold
62,7,65,Male,Visa,2555,Silver
83,2,12,Male,Visa,6089,Gold
65,6,45,Female,Mastercard,9136,Gold
11,8,54,Male,Visa,4865,Silver
100,1,10,Male,Visa,7656,Gold
100,3,59,Female,Visa,2463,Platinum
73,7,57,Female,Visa,1445,Platinum
55,7,75,Female,Mastercard,3760,Silver
52,9,11,Female,Mastercard,3546,Silver
88,6,7,Male,Visa,1485,Platinum
67,1,31,Female,Visa,5328,Platinum
18,10,42,Male,Mastercard,2761,Platinum
43,1,19,Female,Mastercard,9244,Silver
7,4,68,Male,Mastercard,7477,Platinum
18,1,3,Female,Visa,4213,Gold
20,4,76,Female,Mastercard,6579,Gold
90,7,81,Female,Visa,6266,Gold
72,7,37,Female,Mastercard,9087,Gold
14,7,48,Female,Visa,2291,Platinum
77,7,12,Female,Mastercard,3001,Gold
53,1,11,Male,Visa,7776,Gold
39,6,95,Male,Mastercard,2876,Platinum
13,9,85,Male,Mastercard,8222,Silver
12,1,68,Female,Mastercard,8173,Platinum
100,9,96,Female,Visa,2539,Silver
30,9,99,Female,Visa,5231,Gold
65,9,9,Female,Visa,3343,Platinum
35,9,62,Female,Mastercard,9469,Platinum
75,8,58,Female,Visa,8873,Silver
44,9,76,Male,Mastercard,3378,Platinum
52,5,65,Female,Mastercard,7727,Silver
49,2,26,Female,Mastercard,3816,Silver
87,4,79,Female,Visa,6893,Platinum
18,8,91,Male,Mastercard,4788,Silver
15,10,93,Female,Visa,8840,Gold
71,5,61,Male,Mastercard,8191,Gold
64,9,47,Female,Mastercard,7078,Gold
52,4,15,Female,Visa,8140,Platinum
80,5,79,Male,Mastercard,9348,Platinum
32,3,98,Female,Mastercard,4996,Platinum
97,8,98,Male,Visa,9372,Gold
24,9,94,Female,Mastercard,2816,Silver
10,4,52,Male,Visa,9163,Platinum
33,6,86,Male,Visa,9145,Silver
8,6,66,Male,Mastercard,7499,Silver
77,3,22,Male,Visa,4016,Gold
54,4,12,Female,Mastercard,2176,Silver
13,4,63,Male,Visa,7695,Platinum
11,10,90,Female,Visa,7637,Silver
31,8,1,Female,Mastercard,6776,Platinum
66,3,73,Female,Visa,6586,Platinum
56,3,87,Female,Visa,1245,Silver
25,2,57,Female,Visa,8614,Silver
86,4,65,Female,Mastercard,6980,Gold
63,1,22,Male,Visa,6378,Platinum
37,4,17,Male,Visa,4196,Silver
1,1,64,Male,Visa,5279,Silver
11,2,29,Female,Visa,3711,Platinum
68,9,78,Female,Mastercard,4498,Platinum
27,9,91,Female,Mastercard,4446,Platinum
60,4,38,Female,Mastercard,7064,Gold
78,4,36,Male,Visa,5002,Gold
6,8,80,Male,Visa,6985,Platinum
7,2,70,Female,Visa,6036,Platinum
48,4,24,Female,Mastercard,5803,Platinum
85,10,58,Male,Visa,8712,Silver
60,6,24,Male,Visa,1561,Platinum
70,4,93,Male,Visa,6682,Gold
61,2,56,Female,Visa,4893,Platinum
73,8,31,Male,Visa,7190,Platinum
76,7,72,Female,Visa,7878,Gold
20,1,37,Female,Visa,3936,Silver
94,2,96,Male,Visa,8246,Silver
56,2,98,Male,Visa,8635,Platinum
100,4,4,Female,Mastercard,2014,Silver
88,2,2,Male,Mastercard,4950,Gold
33,10,87,Male,Mastercard,8015,Platinum
80,10,64,Female,Mastercard,4044,Gold
49,8,2,Male,Visa,8867,Gold
28,4,21,Male,Visa,9208,Platinum
30,5,45,Female,Visa,8047,Silver
95,1,19,Male,Visa,7363,Platinum
5,7,90,Male,Visa,1895,Silver
87,3,15,Female,Mastercard,3622,Gold
9,6,15,Female,Visa,3091,Silver
12,7,3,Male,Mastercard,5608,Platinum
50,9,38,Female,Visa,4503,Silver
2,1,65,Male,Mastercard,4455,Silver
27,6,27,Male,Mastercard,7007,Gold
66,4,89,Male,Visa,4504,Platinum
96,3,75,Female,Mastercard,3129,Gold
58,7,6,Male,Visa,1864,Platinum
99,9,50,Male,Mastercard,1937,Silver
38,5,28,Female,Mastercard,6835,Silver
96,5,60,Male,Mastercard,9667,Gold
86,9,1,Male,Visa,3305,Gold
20,5,22,Male,Visa,4290,Platinum
80,3,76,Male,Mastercard,3576,Gold
20,7,65,Female,Mastercard,1498,Silver
21,3,92,Male,Mastercard,2327,Gold
37,8,22,Male,Mastercard,2558,Gold
15,10,69,Male,Visa,5412,Silver
54,10,41,Male,Visa,1635,Silver
86,3,86,Male,Mastercard,8704,Gold
10,7,90,Female,Visa,7633,Silver
80,8,63,Male,Visa,3881,Silver
64,5,14,Female,Mastercard,5513,Silver
61,1,69,Male,Mastercard,7084,Platinum
57,8,56,Female,Visa,6710,Platinum
59,3,30,Male,Visa,2254,Silver
42,8,19,Male,Visa,9118,Gold
48,2,32,Female,Visa,9020,Silver
24,1,58,Male,Mastercard,7360,Silver
2,10,5,Female,Visa,2235,Silver
13,1,46,Male,Visa,9128,Platinum
69,2,66,Female,Visa,1534,Gold
72,8,63,Female,Mastercard,9110,Platinum
8,7,49,Male,Visa,8142,Platinum
92,4,65,Male,Visa,3478,Silver
91,6,98,Female,Mastercard,2673,Platinum
18,1,3,Female,Visa,9758,Platinum
65,7,82,Male,Visa,5534,Gold
68,8,47,Female,Mastercard,1341,Platinum
47,1,68,Male,Mastercard,5586,Platinum
31,4,63,Female,Mastercard,2136,Platinum
2,1,14,Male,Mastercard,8187,Gold
60,5,55,Male,Mastercard,6104,Gold
4,4,75,Female,Mastercard,9424,Platinum
91,1,8,Female,Mastercard,1045,Silver
5,10,13,Female,Visa,9850,Gold
2,10,49,Female,Mastercard,3604,Gold
66,2,6,Female,Mastercard,5392,Platinum
6,2,41,Male,Visa,3161,Gold
6,4,7,Female,Visa,7069,Platinum
6,7,32,Female,Mastercard,4838,Gold
42,7,92,Male,Mastercard,2483,Platinum
67,9,49,Female,Mastercard,5066,Gold
30,8,96,Female,Visa,7167,Platinum
96,6,7,Female,Mastercard,8230,Silver
10,9,60,Male,Visa,5255,Gold
57,2,92,Male,Mastercard,9824,Gold
61,1,58,Female,Visa,7610,Gold
35,7,88,Male,Mastercard,1317,Gold
61,10,89,Female,Visa,7639,Silver
66,4,52,Female,Mastercard,8346,Gold
94,5,89,Female,Mastercard,6383,Gold
10,5,80,Female,Mastercard,7338,Platinum
43,7,5,Male,Visa,9943,Gold
67,4,36,Male,Visa,4491,Silver
70,10,95,Male,Visa,1998,Platinum
53,4,76,Female,Visa,6387,Gold
3,10,44,Female,Visa,5412,Silver
95,8,23,Male,Mastercard,5017,Silver
58,1,3,Male,Mastercard,6825,Gold
86,7,52,Male,Mastercard,2197,Gold
60,2,84,Female,Visa,8261,Gold
70,1,16,Female,Visa,6128,Gold
87,3,51,Female,Mastercard,8528,Platinum
3,7,5,Male,Visa,5876,Gold
58,2,34,Female,Visa,5264,Silver
100,9,32,Female,Visa,1984,Gold
36,5,45,Female,Mastercard,7777,Gold
28,8,63,Female,Visa,2423,Gold
91,2,42,Male,Visa,2280,Silver
9,2,4,Male,Visa,6263,Platinum
25,3,47,Male,Visa,6823,Gold
34,7,98,Female,Visa,3582,Silver
14,9,15,Male,Mastercard,2566,Silver
86,1,6,Male,Visa,9018,Platinum
45,5,38,Male,Visa,4779,Platinum
18,7,16,Male,Mastercard,5029,Gold
16,2,2,Female,Mastercard,4504,Silver
53,5,31,Male,Visa,2519,Silver
70,9,11,Male,Visa,7852,Gold
26,1,3,Female,Mastercard,2296,Gold
56,10,54,Female,Visa,9986,Silver
13,9,75,Female,Visa,3324,Silver
32,5,23,Male,Mastercard,9172,Silver
50,9,81,Male,Mastercard,6462,Gold
52,2,61,Male,Mastercard,1291,Gold
52,1,45,Male,Mastercard,7617,Platinum
14,9,63,Male,Visa,7129,Gold
50,5,53,Female,Mastercard,8754,Platinum
33,4,87,Male,Visa,3281,Platinum
75,9,75,Male,Mastercard,3847,Gold
32,8,1,Male,Visa,2587,Gold
88,10,87,Female,Visa,4888,Silver
99,4,1,Male,Visa,4376,Platinum
20,1,37,Female,Mastercard,4572,Silver
18,8,17,Female,Visa,2081,Silver
32,10,27,Female,Visa,2697,Silver
4,6,15,Male,Mastercard,5973,Platinum
29,8,78,Female,Visa,9400,Gold
25,4,70,Female,Visa,8694,Gold
20,4,64,Male,Visa,7399,Silver
96,7,46,Female,Visa,4125,Platinum
55,3,65,Female,Mastercard,1586,Silver
14,3,99,Male,Mastercard,9918,Platinum
56,8,45,Male,Mastercard,8434,Platinum
81,2,60,Male,Mastercard,9503,Gold
78,1,48,Male,Visa,2767,Gold
62,1,23,Male,Visa,4523,Platinum
89,6,59,Female,Mastercard,7927,Platinum
78,7,96,Male,Visa,5525,Gold
6,7,26,Male,Mastercard,1721,Platinum
67,5,1,Female,Mastercard,4572,Gold
79,7,47,Female,Mastercard,5832,Gold
47,8,100,Female,Mastercard,2039,Platinum
6,7,85,Male,Visa,2870,Silver
12,8,50,Female,Visa,9712,Platinum
100,4,87,Female,Visa,8615,Gold
13,6,19,Male,Visa,5519,Silver
14,5,96,Female,Mastercard,6003,Platinum
38,8,31,Male,Visa,3750,Platinum
70,8,89,Female,Mastercard,6580,Platinum
12,4,100,Male,Visa,4703,Gold
23,10,47,Female,Visa,4016,Platinum
33,5,22,Male,Mastercard,2587,Silver
85,1,36,Male,Visa,2406,Gold
77,2,30,Male,Visa,2216,Silver
31,8,34,Female,Mastercard,3086,Gold
73,7,59,Male,Mastercard,7794,Platinum
18,1,18,Female,Visa,7120,Silver
45,10,74,Female,Visa,6222,Platinum
82,8,59,Male,Mastercard,4487,Silver
32,6,61,Female,Mastercard,9371,Platinum
12,4,59,Female,Mastercard,4100,Silver
20,2,94,Male,Mastercard,5303,Platinum
29,5,21,Female,Mastercard,1131,Gold
98,8,10,Male,Mastercard,1724,Platinum
29,5,25,Female,Mastercard,7056,Silver
46,10,57,Male,Mastercard,9546,Gold
71,8,41,Female,Mastercard,8810,Platinum
99,6,36,Male,Visa,7858,Platinum
55,1,92,Male,Visa,2690,Silver
53,10,74,Female,Mastercard,6157,Gold
5,4,58,Female,Mastercard,1371,Gold
83,5,79,Female,Mastercard,1930,Silver
48,8,85,Male,Visa,9358,Silver
6,5,42,Male,Mastercard,2493,Gold
72,6,30,Female,Mastercard,6525,Gold
43,9,44,Female,Mastercard,4573,Silver
48,3,25,Female,Mastercard,3751,Silver
78,1,2,Female,Visa,9469,Gold
86,1,37,Female,Visa,7578,Gold
45,5,18,Male,Visa,7017,Gold
39,5,87,Male,Mastercard,5582,Silver
62,10,31,Female,Visa,7639,Gold
80,5,44,Female,Mastercard,9993,Platinum
45,4,86,Female,Visa,8064,Platinum
61,8,5,Male,Mastercard,9335,Silver
28,5,81,Female,Visa,3286,Gold
57,1,31,Male,Visa,6959,Gold
58,10,54,Female,Visa,5865,Silver
21,8,49,Male,Visa,8377,Gold
60,3,67,Female,Visa,1863,Gold
42,7,40,Male,Mastercard,9516,Gold
70,9,6,Female,Visa,5510,Platinum
67,4,41,Female,Visa,4573,Platinum
54,8,81,Female,Mastercard,4858,Silver
88,9,42,Female,Mastercard,7073,Platinum
13,1,81,Male,Mastercard,6150,Silver
37,4,58,Male,Visa,9094,Gold
76,10,90,Male,Mastercard,5644,Gold
88,1,25,Male,Visa,8165,Silver
41,6,46,Female,Visa,6226,Platinum
6,4,92,Male,Visa,2021,Gold
30,1,100,Male,Mastercard,9147,Silver
64,1,22,Female,Visa,9648,Platinum
56,3,42,Female,Mastercard,9412,Gold
85,6,99,Male,Visa,2607,Gold
23,3,68,Male,Mastercard,7101,Silver
86,3,76,Male,Visa,8071,Platinum
6,2,23,Male,Mastercard,8712,Platinum
74,3,14,Male,Visa,6644,Silver
15,8,34,Male,Visa,9355,Silver
10,3,83,Male,Mastercard,1999,Silver
82,3,86,Female,Mastercard,7616,Silver
9,9,73,Female,Visa,8923,Platinum
36,10,75,Female,Mastercard,5311,Gold
62,1,12,Female,Visa,1447,Gold
19,9,4,Male,Mastercard,1045,Platinum
99,6,73,Female,Visa,9702,Silver
82,6,83,Male,Visa,7271,Gold
39,9,21,Female,Mastercard,3852,Platinum
64,9,74,Male,Visa,1853,Platinum
45,7,31,Male,Mastercard,6570,Silver
51,10,20,Female,Mastercard,1867,Silver
6,1,18,Female,Mastercard,5428,Platinum
46,5,75,Female,Mastercard,4818,Platinum
81,3,33,Male,Visa,6393,Platinum
25,1,26,Female,Mastercard,5592,Silver
66,7,15,Male,Visa,2712,Platinum
58,10,5,Male,Mastercard,9528,Silver
13,5,42,Female,Mastercard,7569,Silver
2,10,64,Male,Mastercard,6007,Gold
93,10,16,Female,Visa,5659,Silver
32,1,68,Female,Mastercard,5202,Platinum
59,2,27,Female,Mastercard,4157,Gold
95,3,76,Male,Mastercard,3636,Platinum
45,1,25,Female,Visa,5919,Gold
81,6,22,Female,Visa,4031,Platinum
34,9,38,Female,Visa,3200,Silver
59,3,36,Male,Mastercard,5793,Silver
88,5,49,Female,Visa,7900,Gold
9,3,45,Male,Visa,2379,Gold
3,3,70,Female,Mastercard,5453,Platinum
23,8,54,Male,Mastercard,3906,Silver
19,4,2,Male,Visa,6866,Silver
75,8,1,Male,Visa,9226,Platinum
51,9,28,Female,Visa,6696,Platinum
50,7,26,Male,Visa,6114,Gold
75,9,22,Male,Visa,4566,Platinum
93,4,61,Female,Mastercard,3801,Platinum
38,3,56,Female,Mastercard,3659,Platinum
11,7,21,Female,Mastercard,8948,Platinum
58,2,70,Male,Visa,6305,Platinum
66,10,65,Male,Mastercard,2818,Gold
6,10,10,Female,Mastercard,4787,Silver
17,8,21,Male,Mastercard,8915,Gold
65,1,42,Female,Mastercard,9807,Gold
92,7,84,Female,Mastercard,7097,Platinum
94,1,98,Female,Visa,7011,Silver
50,1,35,Female,Mastercard,9048,Gold
15,2,79,Female,Visa,6565,Silver
37,8,66,Male,Visa,4306,Gold
61,3,24,Male,Visa,6948,Gold
13,3,4,Male,Mastercard,5246,Platinum
37,5,1,Female,Visa,5407,Gold
38,7,37,Male,Visa,7829,Gold
71,9,22,Female,Visa,4879,Silver
15,8,77,Male,Mastercard,9558,Gold
2,10,12,Male,Visa,2150,Platinum
30,6,57,Female,Visa,4685,Gold
36,2,77,Male,Visa,2459,Silver
1,7,9,Male,Mastercard,4148,Platinum
93,10,32,Female,Visa,6350,Platinum
30,4,31,Female,Visa,2136,Gold
31,3,93,Male,Mastercard,1348,Silver
41,3,87,Male,Visa,1268,Platinum
85,4,80,Female,Visa,4621,Silver
39,3,28,Female,Visa,9974,Silver
68,6,14,Male,Mastercard,5106,Platinum
42,9,58,Male,Mastercard,6896,Gold
22,8,3,Female,Mastercard,1901,Silver
58,6,58,Female,Visa,8909,Platinum
10,6,21,Male,Mastercard,3633,Platinum
27,4,30,Male,Mastercard,6681,Gold
6,9,31,Female,Mastercard,7576,Platinum
12,4,89,Female,Mastercard,1878,Platinum
61,7,74,Female,Mastercard,5238,Silver
29,9,22,Male,Mastercard,5934,Silver
13,2,98,Male,Mastercard,1946,Platinum
34,4,66,Female,Visa,1473,Silver
86,10,19,Male,Mastercard,5532,Gold
97,3,88,Male,Mastercard,6578,Platinum
87,4,9,Female,Mastercard,1315,Platinum
71,3,46,Female,Visa,9028,Silver
78,1,95,Female,Mastercard,6606,Silver
89,6,35,Male,Visa,6756,Silver
32,8,70,Male,Visa,8114,Platinum
43,9,66,Male,Visa,9497,Silver
34,4,3,Female,Mastercard,1764,Gold
44,5,86,Female,Visa,1231,Gold
94,7,26,Male,Mastercard,4048,Silver
87,5,65,Male,Mastercard,7151,Silver
15,5,13,Male,Mastercard,1146,Gold
59,1,22,Male,Visa,2259,Platinum
52,3,28,Male,Mastercard,9528,Silver
23,4,74,Male,Mastercard,4137,Silver
4,6,20,Female,Visa,3541,Platinum
25,4,45,Male,Visa,7451,Gold
15,9,15,Male,Mastercard,9650,Platinum
26,6,79,Male,Mastercard,5917,Silver
72,10,18,Female,Visa,4160,Platinum
73,9,8,Male,Visa,2585,Platinum
4,2,32,Female,Mastercard,1423,Platinum
42,2,30,Male,Mastercard,5389,Silver
59,5,39,Male,Visa,2449,Gold
32,5,25,Male,Visa,7639,Silver
11,10,75,Female,Mastercard,1128,Silver
93,7,90,Male,Mastercard,7978,Gold
26,7,82,Female,Mastercard,8051,Gold
13,1,3,Female,Mastercard,8875,Gold
10,7,1,Female,Mastercard,3352,Platinum
77,3,49,Female,Mastercard,5739,Platinum
93,5,41,Female,Visa,1429,Silver
31,8,78,Female,Visa,4590,Platinum
4,5,46,Female,Visa,4951,Platinum
64,1,17,Female,Visa,4373,Gold
8,3,85,Male,Visa,6813,Platinum
33,2,3,Female,Visa,6277,Gold
86,6,75,Male,Mastercard,6985,Silver
43,7,19,Male,Mastercard,2704,Gold
65,3,38,Male,Mastercard,3379,Platinum
9,7,51,Female,Mastercard,2350,Silver
70,8,79,Female,Visa,7961,Platinum
81,4,34,Male,Visa,3491,Silver
93,10,99,Female,Visa,5300,Gold
2,10,65,Female,Visa,4544,Gold
12,7,17,Male,Visa,5919,Gold
98,3,22,Male,Visa,1637,Platinum
29,4,18,Male,Visa,3312,Gold
73,2,51,Female,Mastercard,7046,Gold
2,10,31,Male,Visa,3564,Gold
46,7,99,Male,Visa,4570,Silver
19,5,1,Female,Visa,7969,Gold
27,6,30,Male,Mastercard,5170,Gold
88,6,42,Female,Mastercard,9343,Silver
7,2,66,Female,Visa,4114,Gold
91,9,68,Female,Visa,1050,Gold
73,1,2,Female,Visa,7064,Silver
63,9,97,Female,Mastercard,5451,Gold
64,4,20,Female,Visa,4875,Platinum
75,1,100,Male,Mastercard,5544,Gold
79,2,26,Male,Mastercard,5652,Platinum
66,7,95,Female,Visa,8330,Gold
94,10,37,Male,Mastercard,1012,Platinum
34,10,92,Female,Visa,8062,Silver
34,7,82,Male,Mastercard,6795,Silver
28,1,44,Female,Visa,5709,Platinum
18,8,58,Male,Visa,6286,Gold
46,3,16,Male,Mastercard,1547,Platinum
83,8,46,Male,Mastercard,3609,Gold
5,1,23,Female,Mastercard,8608,Platinum
4,8,46,Male,Mastercard,4962,Gold
71,10,37,Female,Mastercard,4577,Silver
57,2,8,Female,Visa,6202,Gold
33,9,69,Male,Mastercard,6886,Gold
45,1,9,Male,Mastercard,4654,Platinum
49,10,32,Male,Mastercard,4690,Platinum
12,10,43,Female,Visa,6378,Silver
80,2,18,Female,Visa,6611,Silver
85,9,55,Female,Mastercard,2790,Silver
32,1,81,Female,Mastercard,9939,Silver
64,8,85,Male,Mastercard,2222,Platinum
64,3,73,Male,Mastercard,9659,Platinum
93,8,76,Female,Visa,9025,Platinum
77,3,82,Male,Visa,2954,Gold
97,2,69,Female,Visa,3186,Platinum
97,1,54,Female,Mastercard,7666,Platinum
34,10,68,Female,Visa,2488,Platinum
11,5,2,Female,Mastercard,3299,Gold
98,8,14,Male,Mastercard,7161,Platinum
66,4,100,Male,Visa,4710,Gold
72,3,9,Male,Visa,6629,Silver
6,8,8,Female,Mastercard,6301,Silver
9,7,48,Male,Visa,8713,Gold
35,1,93,Female,Mastercard,8900,Gold
58,8,43,Female,Visa,4570,Silver
63,6,34,Male,Mastercard,2122,Gold
56,5,1,Female,Mastercard,4608,Gold
58,9,64,Female,Visa,4573,Gold
43,4,2,Male,Visa,7615,Gold
51,4,63,Female,Mastercard,6103,Silver
33,4,92,Male,Visa,2672,Platinum
29,2,13,Female,Visa,1194,Gold
44,6,73,Male,Mastercard,4724,Silver
22,7,10,Male,Mastercard,2042,Gold
88,3,33,Male,Mastercard,5663,Silver
4,1,77,Male,Mastercard,1659,Silver
85,2,53,Male,Mastercard,6448,Platinum
47,1,85,Male,Mastercard,2059,Platinum
95,7,18,Female,Mastercard,5745,Gold
88,1,19,Female,Mastercard,1626,Platinum
13,4,2,Female,Visa,7780,Platinum
27,3,83,Female,Visa,9591,Platinum
88,9,38,Male,Mastercard,6675,Gold
1,1,15,Male,Visa,8845,Platinum
78,1,100,Male,Mastercard,2287,Silver
84,1,5,Male,Mastercard,3750,Gold
12,8,30,Male,Mastercard,9002,Silver
87,10,3,Male,Visa,7224,Gold
23,9,78,Male,Mastercard,8330,Silver
11,10,34,Female,Mastercard,7839,Silver
63,1,26,Male,Visa,3980,Gold
15,8,95,Female,Mastercard,5920,Silver
45,9,44,Female,Mastercard,4812,Silver
89,7,5,Female,Mastercard,4038,Platinum
29,2,9,Female,Mastercard,1396,Gold
34,6,46,Male,Mastercard,3056,Gold
50,10,67,Male,Mastercard,2954,Silver
3,9,94,Female,Visa,3930,Silver
16,1,100,Female,Mastercard,2103,Silver
50,7,14,Male,Mastercard,5378,Platinum
33,8,49,Male,Visa,7409,Gold
4,1,71,Female,Mastercard,5039,Platinum
14,2,60,Male,Mastercard,2310,Gold
86,5,54,Male,Visa,5511,Platinum
75,4,39,Male,Visa,6618,Platinum
32,3,86,Male,Visa,4457,Gold
9,10,56,Male,Mastercard,7942,Silver
86,2,92,Female,Mastercard,8250,Gold
2,9,39,Male,Mastercard,7017,Platinum
32,3,77,Female,Mastercard,2505,Silver
55,9,89,Female,Visa,1164,Platinum
57,7,65,Female,Mastercard,9888,Gold
49,1,13,Male,Mastercard,5478,Platinum
26,7,2,Male,Mastercard,3454,Gold
47,4,66,Female,Visa,8069,Platinum
47,5,21,Male,Visa,5634,Platinum
80,7,27,Female,Visa,1427,Gold
13,8,74,Female,Visa,2393,Platinum
82,8,33,Female,Mastercard,2432,Gold
49,2,26,Male,Visa,3125,Silver
74,1,95,Female,Mastercard,9144,Gold
21,5,30,Female,Visa,2294,Gold
59,7,94,Male,Visa,7899,Platinum
25,10,84,Female,Mastercard,1004,Platinum
37,8,51,Male,Visa,2055,Gold
19,3,40,Female,Mastercard,9104,Gold
7,3,47,Female,Visa,3909,Gold
25,6,20,Female,Visa,2202,Silver
17,5,74,Female,Visa,6645,Gold
37,2,37,Female,Visa,2787,Platinum
47,2,91,Male,Mastercard,6305,Silver
42,9,97,Male,Visa,9149,Platinum
16,1,67,Male,Visa,2244,Silver
69,5,79,Female,Mastercard,3302,Silver
68,8,58,Male,Mastercard,6488,Silver
20,10,56,Male,Mastercard,5304,Silver
94,4,45,Female,Mastercard,4802,Gold
16,7,80,Female,Visa,1333,Platinum
74,6,72,Female,Mastercard,6823,Silver
10,5,76,Male,Visa,2130,Silver
23,9,12,Female,Mastercard,6146,Platinum
51,2,35,Male,Visa,9512,Silver
4,3,83,Female,Visa,5685,Gold
86,2,42,Female,Mastercard,6134,Gold
3,8,85,Male,Mastercard,2909,Gold
4,7,6,Female,Visa,6206,Platinum
14,9,94,Female,Visa,9696,Gold
96,2,45,Female,Visa,7082,Silver
88,6,44,Female,Mastercard,4851,Silver
60,3,99,Male,Mastercard,4272,Platinum
49,10,38,Female,Mastercard,3816,Silver
25,9,24,Female,Visa,7602,Platinum
56,7,24,Male,Visa,5861,Platinum
9,5,58,Male,Visa,7022,Gold
23,3,77,Male,Mastercard,3680,Silver
3,6,76,Male,Visa,1323,Platinum
87,9,54,Male,Visa,8656,Platinum
23,6,17,Male,Visa,4762,Silver
44,6,38,Male,Visa,9953,Gold
28,10,44,Female,Mastercard,9833,Platinum
70,5,85,Male,Visa,3306,Platinum
34,5,95,Female,Visa,5969,Platinum
21,4,43,Female,Mastercard,9030,Platinum
93,9,77,Male,Mastercard,9432,Silver
29,6,94,Female,Mastercard,3908,Silver
55,10,40,Female,Visa,7320,Platinum
51,5,62,Male,Visa,6389,Silver
68,1,20,Female,Mastercard,1251,Platinum
17,10,43,Male,Visa,4293,Platinum
13,4,85,Male,Visa,8185,Gold
53,10,49,Female,Mastercard,5169,Silver
34,1,71,Female,Visa,8425,Silver
30,10,37,Male,Visa,5794,Silver
19,2,41,Male,Mastercard,6084,Gold
25,8,91,Male,Mastercard,8005,Platinum
32,2,20,Female,Mastercard,6671,Silver
83,1,4,Male,Mastercard,3890,Platinum
95,4,8,Female,Mastercard,9192,Gold
80,4,24,Female,Mastercard,1775,Silver
60,4,92,Female,Visa,9016,Platinum
2,1,18,Female,Mastercard,1032,Platinum
96,6,2,Male,Visa,2852,Gold
29,7,33,Female,Visa,6436,Silver
40,4,45,Male,Mastercard,2295,Gold
35,5,4,Female,Visa,6926,Silver
6,10,82,Male,Mastercard,6188,Silver
47,5,13,Male,Mastercard,5790,Silver
5,9,50,Male,Mastercard,9675,Silver
73,3,100,Male,Mastercard,2612,Gold
32,10,7,Male,Mastercard,5946,Gold
87,9,46,Female,Mastercard,7940,Gold
93,2,48,Male,Mastercard,3518,Gold
12,3,74,Male,Mastercard,4502,Gold
88,5,11,Male,Visa,8462,Platinum
10,3,93,Female,Visa,5714,Gold
52,2,75,Male,Visa,1577,Gold
